id,due,platform,note_url,text,image,status,posted_at
guide_mt4_01_jp|threads,2026-10-12T08:00,threads,https://note.com/eaanalysis/n/n6ad9d8b45641,"【MT4講座 #1】MT4とMT5は何が違う？ EAを使う人が知っておきたい5つの違い

✅ MT4用のEAは、MT5ではそのまま動きません。プログラムの書き方(言語)が違うためです
✅ 一番大きな違いは「注文の仕組み」と「バックテストの方式」です
✅ これからEAを探すなら、自分が使う口座がMT4かMT5かを最初に確認しておくと、迷いが減ります

詳しくはnoteで(無料)👇
{note_url}

#FX自動売買 #EA #MT4 #バックテスト",,pending,
guide_mt4_01_jp|instagram,2026-10-12T08:00,instagram,https://note.com/eaanalysis/n/n6ad9d8b45641,"【MT4講座 #1】MT4とMT5は何が違う？ EAを使う人が知っておきたい5つの違い

✅ MT4用のEAは、MT5ではそのまま動きません。プログラムの書き方(言語)が違うためです
✅ 一番大きな違いは「注文の仕組み」と「バックテストの方式」です
✅ これからEAを探すなら、自分が使う口座がMT4かMT5かを最初に確認しておくと、迷いが減ります

➡ スワイプで要点
全文はプロフィールのリンク(note)から無料で読めます📎

#FX自動売買 #自動売買 #EA #MT4 #MT5 #バックテスト #システムトレード #FX #FX初心者 #資産運用 #EA検証ラボ",images/mt4/header_mt4_guide_01_4x5.jpg,pending,
article_mt4_01_jp|x,2026-10-12T13:00,x,https://note.com/eaanalysis/n/ne8ee429051bf,"【MT4編 #1】無料で配られているMT4のEA、10本を本気で検証。

黒字はたった3本、残り7本は赤字。
うち1本は、1万ドルがほぼゼロに。

全10本の名前と数字はnoteで👇
{note_url}
#FX自動売買 #EA #MT4",,pending,
article_mt4_01_jp|threads,2026-10-12T13:00,threads,https://note.com/eaanalysis/n/ne8ee429051bf,"【EA検証 MT4編 #1】
無料で配布されているMT4用EAを10本、同じ条件(初期資金1万ドル・約5年9か月)でバックテストしました。

✅ 黒字はたった3本
📉 残り7本は赤字(うち1本は資金がほぼゼロに)
💡 結果のブレ幅も1万回の並べ替えで計算

全10本のEA名・入手先・詳しい数字はnoteで公開しています👇
{note_url}

#FX自動売買 #EA #MT4 #バックテスト",,pending,
article_mt4_01_jp|instagram,2026-10-12T13:00,instagram,https://note.com/eaanalysis/n/ne8ee429051bf,"【EA検証 MT4編 #1】
無料のMT4用EAを10本、同じ条件でガチ検証しました。

✅ 黒字はたった3本
📉 残り7本は赤字(うち1本は資金がほぼゼロに)

➡ スワイプで「先に結論」
全部のEA名と数字は、プロフィールのリンク(note)から読めます📎

※過去データによる検証結果です。将来の成績を保証するものではありません。

#FX自動売買 #自動売買 #EA #MT4 #MT5 #バックテスト #システムトレード #FX #FX初心者 #資産運用 #EA検証ラボ",images/mt4/header_mt4_01_4x5.jpg,pending,
article_mt4_free_01_jp|threads,2026-10-14T08:00,threads,https://note.com/eaanalysis/n/nabe46218a67d,"【EA検証 MT4編・無料版 #1】
無料のMT4用EAのうち、バックテストで赤字だった10本の数字を、全部無料で公開しました。

📉 うち7本は、1万ドルがほぼゼロに
🎯 勝率7割以上なのに赤字だったものが2本
🔍 それぞれ「何が悪かったか」を数字から解説

EAを選ぶ前のチェックに👇
{note_url}

#FX自動売買 #EA #MT4 #バックテスト",,pending,
article_mt4_free_01_jp|instagram,2026-10-14T08:00,instagram,https://note.com/eaanalysis/n/nabe46218a67d,"【無料公開】MT4の無料EA、赤字だった10本の中身

📉 うち7本は資金がほぼゼロに
🎯 勝率7割以上なのに赤字が2本
🔍 負けたEAの共通点を解説

➡ スワイプで「先に結論」
全文はプロフィールのリンク(note)から無料で読めます📎

#FX自動売買 #自動売買 #EA #MT4 #MT5 #バックテスト #システムトレード #FX #FX初心者 #資産運用 #EA検証ラボ",images/mt4/header_mt4_free_01_4x5.jpg,pending,
article_mt4_02_jp|x,2026-10-14T13:00,x,https://note.com/eaanalysis/n/ne8ffc820ed78,"【MT4編 #2】「無料EAって勝てるの？」10本で確かめました。

黒字はたった3本、残り7本は赤字。
うち1本は、1万ドルがほぼゼロに。

全10本の名前と数字はnoteで👇
{note_url}
#FX自動売買 #EA #MT4",,pending,
article_mt4_02_jp|threads,2026-10-14T13:00,threads,https://note.com/eaanalysis/n/ne8ffc820ed78,"【EA検証 MT4編 #2】
無料で配布されているMT4用EAを10本、同じ条件(初期資金1万ドル・約5年9か月)でバックテストしました。

✅ 黒字はたった3本
📉 残り7本は赤字(うち1本は資金がほぼゼロに)
💡 結果のブレ幅も1万回の並べ替えで計算

全10本のEA名・入手先・詳しい数字はnoteで公開しています👇
{note_url}

#FX自動売買 #EA #MT4 #バックテスト",,pending,
article_mt4_02_jp|instagram,2026-10-14T13:00,instagram,https://note.com/eaanalysis/n/ne8ffc820ed78,"【EA検証 MT4編 #2】
無料のMT4用EAを10本、同じ条件でガチ検証しました。

✅ 黒字はたった3本
📉 残り7本は赤字(うち1本は資金がほぼゼロに)

➡ スワイプで「先に結論」
全部のEA名と数字は、プロフィールのリンク(note)から読めます📎

※過去データによる検証結果です。将来の成績を保証するものではありません。

#FX自動売買 #自動売買 #EA #MT4 #MT5 #バックテスト #システムトレード #FX #FX初心者 #資産運用 #EA検証ラボ",images/mt4/header_mt4_02_4x5.jpg,pending,
guide_mt4_02_jp|threads,2026-10-16T08:00,threads,https://note.com/eaanalysis/n/n7a9252cc2edb,"【MT4講座 #2】MT4のEAをMT5で動かすには？ 変換の流れと注意点

✅ MT4のEAをMT5で使うには、ソースコード(.mq4)をMT5の書き方(.mq5)に書き換える必要があります
✅ .ex4(コンパイル済みファイル)しか無い場合は、書き換えはできません
✅ 書き換えたあとは、MT4とMT5で同じ期間のバックテストをして、売買がそろっているかを確かめることが大事です

詳しくはnoteで(無料)👇
{note_url}

#FX自動売買 #EA #MT4 #バックテスト",,pending,
guide_mt4_02_jp|instagram,2026-10-16T08:00,instagram,https://note.com/eaanalysis/n/n7a9252cc2edb,"【MT4講座 #2】MT4のEAをMT5で動かすには？ 変換の流れと注意点

✅ MT4のEAをMT5で使うには、ソースコード(.mq4)をMT5の書き方(.mq5)に書き換える必要があります
✅ .ex4(コンパイル済みファイル)しか無い場合は、書き換えはできません
✅ 書き換えたあとは、MT4とMT5で同じ期間のバックテストをして、売買がそろっているかを確かめることが大事です

➡ スワイプで要点
全文はプロフィールのリンク(note)から無料で読めます📎

#FX自動売買 #自動売買 #EA #MT4 #MT5 #バックテスト #システムトレード #FX #FX初心者 #資産運用 #EA検証ラボ",images/mt4/header_mt4_guide_02_4x5.jpg,pending,
article_mt4_03_jp|x,2026-10-16T13:00,x,https://note.com/eaanalysis/n/n464532505d2c,"【MT4編 #3】無料のMT4用EAを10本、同じ条件でバックテスト。

黒字はたった3本、残り7本は赤字。
うち4本は、1万ドルがほぼゼロに。

全10本の名前と数字はnoteで👇
{note_url}
#FX自動売買 #EA #MT4",,pending,
article_mt4_03_jp|threads,2026-10-16T13:00,threads,https://note.com/eaanalysis/n/n464532505d2c,"【EA検証 MT4編 #3】
無料で配布されているMT4用EAを10本、同じ条件(初期資金1万ドル・約5年9か月)でバックテストしました。

✅ 黒字はたった3本
📉 残り7本は赤字(うち4本は資金がほぼゼロに)
💡 結果のブレ幅も1万回の並べ替えで計算

全10本のEA名・入手先・詳しい数字はnoteで公開しています👇
{note_url}

#FX自動売買 #EA #MT4 #バックテスト",,pending,
article_mt4_03_jp|instagram,2026-10-16T13:00,instagram,https://note.com/eaanalysis/n/n464532505d2c,"【EA検証 MT4編 #3】
無料のMT4用EAを10本、同じ条件でガチ検証しました。

✅ 黒字はたった3本
📉 残り7本は赤字(うち4本は資金がほぼゼロに)

➡ スワイプで「先に結論」
全部のEA名と数字は、プロフィールのリンク(note)から読めます📎

※過去データによる検証結果です。将来の成績を保証するものではありません。

#FX自動売買 #自動売買 #EA #MT4 #MT5 #バックテスト #システムトレード #FX #FX初心者 #資産運用 #EA検証ラボ",images/mt4/header_mt4_03_4x5.jpg,pending,
guide_mt4_03_jp|threads,2026-10-19T08:00,threads,https://note.com/eaanalysis/n/nb1024b4b400b,"【MT4講座 #3】MT4ストラテジーテスターの使い方 はじめてのバックテスト

✅ ストラテジーテスターは、EAを過去の値動きで動かして「もしこの期間に使っていたら」を確かめる機能です
✅ 設定するのは「EA」「通貨ペア」「時間足」「モデル」「期間」「初期資金」の6つが基本です
✅ 最初は、EAの初期設定のまま、長めの期間で1回動かしてみるところから始めましょう

詳しくはnoteで(無料)👇
{note_url}

#FX自動売買 #EA #MT4 #バックテスト",,pending,
guide_mt4_03_jp|instagram,2026-10-19T08:00,instagram,https://note.com/eaanalysis/n/nb1024b4b400b,"【MT4講座 #3】MT4ストラテジーテスターの使い方 はじめてのバックテスト

✅ ストラテジーテスターは、EAを過去の値動きで動かして「もしこの期間に使っていたら」を確かめる機能です
✅ 設定するのは「EA」「通貨ペア」「時間足」「モデル」「期間」「初期資金」の6つが基本です
✅ 最初は、EAの初期設定のまま、長めの期間で1回動かしてみるところから始めましょう

➡ スワイプで要点
全文はプロフィールのリンク(note)から無料で読めます📎

#FX自動売買 #自動売買 #EA #MT4 #MT5 #バックテスト #システムトレード #FX #FX初心者 #資産運用 #EA検証ラボ",images/mt4/header_mt4_guide_03_4x5.jpg,pending,
article_mt4_04_jp|x,2026-10-19T13:00,x,https://note.com/eaanalysis/n/n0340a17bddb5,"【MT4編 #4】無料で配られているMT4のEA、10本を本気で検証。

黒字はたった3本、残り7本は赤字。
うち1本は、1万ドルがほぼゼロに。

全10本の名前と数字はnoteで👇
{note_url}
#FX自動売買 #EA #MT4",,pending,
article_mt4_04_jp|threads,2026-10-19T13:00,threads,https://note.com/eaanalysis/n/n0340a17bddb5,"【EA検証 MT4編 #4】
無料で配布されているMT4用EAを10本、同じ条件(初期資金1万ドル・約5年9か月)でバックテストしました。

✅ 黒字はたった3本
📉 残り7本は赤字(うち1本は資金がほぼゼロに)
💡 結果のブレ幅も1万回の並べ替えで計算

全10本のEA名・入手先・詳しい数字はnoteで公開しています👇
{note_url}

#FX自動売買 #EA #MT4 #バックテスト",,pending,
article_mt4_04_jp|instagram,2026-10-19T13:00,instagram,https://note.com/eaanalysis/n/n0340a17bddb5,"【EA検証 MT4編 #4】
無料のMT4用EAを10本、同じ条件でガチ検証しました。

✅ 黒字はたった3本
📉 残り7本は赤字(うち1本は資金がほぼゼロに)

➡ スワイプで「先に結論」
全部のEA名と数字は、プロフィールのリンク(note)から読めます📎

※過去データによる検証結果です。将来の成績を保証するものではありません。

#FX自動売買 #自動売買 #EA #MT4 #MT5 #バックテスト #システムトレード #FX #FX初心者 #資産運用 #EA検証ラボ",images/mt4/header_mt4_04_4x5.jpg,pending,
article_mt4_free_02_jp|threads,2026-10-21T08:00,threads,https://note.com/eaanalysis/n/n434ea2a9a237,"【EA検証 MT4編・無料版 #2】
無料のMT4用EAのうち、バックテストで赤字だった10本の数字を、全部無料で公開しました。

📉 うち4本は、1万ドルがほぼゼロに
🔍 それぞれ「何が悪かったか」を数字から解説

EAを選ぶ前のチェックに👇
{note_url}

#FX自動売買 #EA #MT4 #バックテスト",,pending,
article_mt4_free_02_jp|instagram,2026-10-21T08:00,instagram,https://note.com/eaanalysis/n/n434ea2a9a237,"【無料公開】MT4の無料EA、赤字だった10本の中身

📉 うち4本は資金がほぼゼロに
🔍 負けたEAの共通点を解説

➡ スワイプで「先に結論」
全文はプロフィールのリンク(note)から無料で読めます📎

#FX自動売買 #自動売買 #EA #MT4 #MT5 #バックテスト #システムトレード #FX #FX初心者 #資産運用 #EA検証ラボ",images/mt4/header_mt4_free_02_4x5.jpg,pending,
article_mt4_05_jp|x,2026-10-21T13:00,x,https://note.com/eaanalysis/n/nef93421a8e6f,"【MT4編 #5】「無料EAって勝てるの？」10本で確かめました。

黒字はたった3本、残り7本は赤字。

全10本の名前と数字はnoteで👇
{note_url}
#FX自動売買 #EA #MT4",,pending,
article_mt4_05_jp|threads,2026-10-21T13:00,threads,https://note.com/eaanalysis/n/nef93421a8e6f,"【EA検証 MT4編 #5】
無料で配布されているMT4用EAを10本、同じ条件(初期資金1万ドル・約5年9か月)でバックテストしました。

✅ 黒字はたった3本
📉 残り7本は赤字
💡 結果のブレ幅も1万回の並べ替えで計算

全10本のEA名・入手先・詳しい数字はnoteで公開しています👇
{note_url}

#FX自動売買 #EA #MT4 #バックテスト",,pending,
article_mt4_05_jp|instagram,2026-10-21T13:00,instagram,https://note.com/eaanalysis/n/nef93421a8e6f,"【EA検証 MT4編 #5】
無料のMT4用EAを10本、同じ条件でガチ検証しました。

✅ 黒字はたった3本
📉 残り7本は赤字

➡ スワイプで「先に結論」
全部のEA名と数字は、プロフィールのリンク(note)から読めます📎

※過去データによる検証結果です。将来の成績を保証するものではありません。

#FX自動売買 #自動売買 #EA #MT4 #MT5 #バックテスト #システムトレード #FX #FX初心者 #資産運用 #EA検証ラボ",images/mt4/header_mt4_05_4x5.jpg,pending,
guide_mt4_04_jp|threads,2026-10-23T08:00,threads,https://note.com/eaanalysis/n/ne821614c07f3,"【MT4講座 #4】テスターの3つのモデル「全ティック・コントロールポイント・始値のみ」の違い

✅ モデルは「1本の足の中の値動きを、どこまで細かく再現するか」の違いです
✅ 細かいほど実際に近くなりますが、時間がかかります
✅ 比べるときは、必ず同じモデルで比べることが大切です

詳しくはnoteで(無料)👇
{note_url}

#FX自動売買 #EA #MT4 #バックテスト",,pending,
guide_mt4_04_jp|instagram,2026-10-23T08:00,instagram,https://note.com/eaanalysis/n/ne821614c07f3,"【MT4講座 #4】テスターの3つのモデル「全ティック・コントロールポイント・始値のみ」の違い

✅ モデルは「1本の足の中の値動きを、どこまで細かく再現するか」の違いです
✅ 細かいほど実際に近くなりますが、時間がかかります
✅ 比べるときは、必ず同じモデルで比べることが大切です

➡ スワイプで要点
全文はプロフィールのリンク(note)から無料で読めます📎

#FX自動売買 #自動売買 #EA #MT4 #MT5 #バックテスト #システムトレード #FX #FX初心者 #資産運用 #EA検証ラボ",images/mt4/header_mt4_guide_04_4x5.jpg,pending,
article_mt4_06_jp|x,2026-10-23T13:00,x,https://note.com/eaanalysis/n/n2bff935ff517,"【MT4編 #6】無料のMT4用EAを10本、同じ条件でバックテスト。

黒字はたった3本、残り7本は赤字。
うち3本は、1万ドルがほぼゼロに。

全10本の名前と数字はnoteで👇
{note_url}
#FX自動売買 #EA #MT4",,pending,
article_mt4_06_jp|threads,2026-10-23T13:00,threads,https://note.com/eaanalysis/n/n2bff935ff517,"【EA検証 MT4編 #6】
無料で配布されているMT4用EAを10本、同じ条件(初期資金1万ドル・約5年9か月)でバックテストしました。

✅ 黒字はたった3本
📉 残り7本は赤字(うち3本は資金がほぼゼロに)
💡 結果のブレ幅も1万回の並べ替えで計算

全10本のEA名・入手先・詳しい数字はnoteで公開しています👇
{note_url}

#FX自動売買 #EA #MT4 #バックテスト",,pending,
article_mt4_06_jp|instagram,2026-10-23T13:00,instagram,https://note.com/eaanalysis/n/n2bff935ff517,"【EA検証 MT4編 #6】
無料のMT4用EAを10本、同じ条件でガチ検証しました。

✅ 黒字はたった3本
📉 残り7本は赤字(うち3本は資金がほぼゼロに)

➡ スワイプで「先に結論」
全部のEA名と数字は、プロフィールのリンク(note)から読めます📎

※過去データによる検証結果です。将来の成績を保証するものではありません。

#FX自動売買 #自動売買 #EA #MT4 #MT5 #バックテスト #システムトレード #FX #FX初心者 #資産運用 #EA検証ラボ",images/mt4/header_mt4_06_4x5.jpg,pending,
guide_mt4_05_jp|threads,2026-10-26T08:00,threads,https://note.com/eaanalysis/n/nf5878e5fa7a2,"【MT4講座 #5】バックテストのレポートの読み方 PF・最大DD・勝率はここを見る

✅ まず見るのは「PF(プロフィットファクター)」「最大ドローダウン」「取引回数」の3つです
✅ 勝率だけでは、そのEAが勝てるかどうかは分かりません
✅ 純利益が大きくても、途中で資金の大半を失う場面があるEAは、実際には続けられないことがあります

詳しくはnoteで(無料)👇
{note_url}

#FX自動売買 #EA #MT4 #バックテスト",,pending,
guide_mt4_05_jp|instagram,2026-10-26T08:00,instagram,https://note.com/eaanalysis/n/nf5878e5fa7a2,"【MT4講座 #5】バックテストのレポートの読み方 PF・最大DD・勝率はここを見る

✅ まず見るのは「PF(プロフィットファクター)」「最大ドローダウン」「取引回数」の3つです
✅ 勝率だけでは、そのEAが勝てるかどうかは分かりません
✅ 純利益が大きくても、途中で資金の大半を失う場面があるEAは、実際には続けられないことがあります

➡ スワイプで要点
全文はプロフィールのリンク(note)から無料で読めます📎

#FX自動売買 #自動売買 #EA #MT4 #MT5 #バックテスト #システムトレード #FX #FX初心者 #資産運用 #EA検証ラボ",images/mt4/header_mt4_guide_05_4x5.jpg,pending,
article_mt4_07_jp|x,2026-10-26T13:00,x,https://note.com/eaanalysis/n/n7a7f3df64271,"【MT4編 #7】無料で配られているMT4のEA、10本を本気で検証。

黒字はたった3本、残り7本は赤字。
うち2本は、1万ドルがほぼゼロに。

全10本の名前と数字はnoteで👇
{note_url}
#FX自動売買 #EA #MT4",,pending,
article_mt4_07_jp|threads,2026-10-26T13:00,threads,https://note.com/eaanalysis/n/n7a7f3df64271,"【EA検証 MT4編 #7】
無料で配布されているMT4用EAを10本、同じ条件(初期資金1万ドル・約5年9か月)でバックテストしました。

✅ 黒字はたった3本
📉 残り7本は赤字(うち2本は資金がほぼゼロに)
💡 結果のブレ幅も1万回の並べ替えで計算

全10本のEA名・入手先・詳しい数字はnoteで公開しています👇
{note_url}

#FX自動売買 #EA #MT4 #バックテスト",,pending,
article_mt4_07_jp|instagram,2026-10-26T13:00,instagram,https://note.com/eaanalysis/n/n7a7f3df64271,"【EA検証 MT4編 #7】
無料のMT4用EAを10本、同じ条件でガチ検証しました。

✅ 黒字はたった3本
📉 残り7本は赤字(うち2本は資金がほぼゼロに)

➡ スワイプで「先に結論」
全部のEA名と数字は、プロフィールのリンク(note)から読めます📎

※過去データによる検証結果です。将来の成績を保証するものではありません。

#FX自動売買 #自動売買 #EA #MT4 #MT5 #バックテスト #システムトレード #FX #FX初心者 #資産運用 #EA検証ラボ",images/mt4/header_mt4_07_4x5.jpg,pending,
article_mt4_free_03_jp|threads,2026-10-28T08:00,threads,https://note.com/eaanalysis/n/n80eedb414a21,"【EA検証 MT4編・無料版 #3】
無料のMT4用EAのうち、バックテストで赤字だった10本の数字を、全部無料で公開しました。

📉 うち5本は、1万ドルがほぼゼロに
🎯 勝率7割以上なのに赤字だったものが1本
🔍 それぞれ「何が悪かったか」を数字から解説

EAを選ぶ前のチェックに👇
{note_url}

#FX自動売買 #EA #MT4 #バックテスト",,pending,
article_mt4_free_03_jp|instagram,2026-10-28T08:00,instagram,https://note.com/eaanalysis/n/n80eedb414a21,"【無料公開】MT4の無料EA、赤字だった10本の中身

📉 うち5本は資金がほぼゼロに
🎯 勝率7割以上なのに赤字が1本
🔍 負けたEAの共通点を解説

➡ スワイプで「先に結論」
全文はプロフィールのリンク(note)から無料で読めます📎

#FX自動売買 #自動売買 #EA #MT4 #MT5 #バックテスト #システムトレード #FX #FX初心者 #資産運用 #EA検証ラボ",images/mt4/header_mt4_free_03_4x5.jpg,pending,
article_mt4_08_jp|x,2026-10-28T13:00,x,https://note.com/eaanalysis/n/n641019664ec5,"【MT4編 #8】「無料EAって勝てるの？」10本で確かめました。

黒字はたった3本、残り7本は赤字。
うち3本は、1万ドルがほぼゼロに。

全10本の名前と数字はnoteで👇
{note_url}
#FX自動売買 #EA #MT4",,pending,
article_mt4_08_jp|threads,2026-10-28T13:00,threads,https://note.com/eaanalysis/n/n641019664ec5,"【EA検証 MT4編 #8】
無料で配布されているMT4用EAを10本、同じ条件(初期資金1万ドル・約5年9か月)でバックテストしました。

✅ 黒字はたった3本
📉 残り7本は赤字(うち3本は資金がほぼゼロに)
💡 結果のブレ幅も1万回の並べ替えで計算

全10本のEA名・入手先・詳しい数字はnoteで公開しています👇
{note_url}

#FX自動売買 #EA #MT4 #バックテスト",,pending,
article_mt4_08_jp|instagram,2026-10-28T13:00,instagram,https://note.com/eaanalysis/n/n641019664ec5,"【EA検証 MT4編 #8】
無料のMT4用EAを10本、同じ条件でガチ検証しました。

✅ 黒字はたった3本
📉 残り7本は赤字(うち3本は資金がほぼゼロに)

➡ スワイプで「先に結論」
全部のEA名と数字は、プロフィールのリンク(note)から読めます📎

※過去データによる検証結果です。将来の成績を保証するものではありません。

#FX自動売買 #自動売買 #EA #MT4 #MT5 #バックテスト #システムトレード #FX #FX初心者 #資産運用 #EA検証ラボ",images/mt4/header_mt4_08_4x5.jpg,pending,
guide_mt4_06_jp|threads,2026-10-30T08:00,threads,https://note.com/eaanalysis/n/n9cc331452851,"【MT4講座 #6】バックテストの「ブレ幅」とは？ たまたま良かっただけかを見分ける方法

✅ バックテストの結果は、1回分の「たまたまの並び順」で決まっています
✅ 取引の並び順を何千回も入れ替えて計算し直すと、成績がどれくらいの範囲に収まりそうかが分かります(ブートストラップ法)
✅ PFのブレ幅の下限が1を超えていれば、「たまたま黒字になった」可能性はかなり低くなります

詳しくはnoteで(無料)👇
{note_url}

#FX自動売買 #EA #MT4 #バックテスト",,pending,
guide_mt4_06_jp|instagram,2026-10-30T08:00,instagram,https://note.com/eaanalysis/n/n9cc331452851,"【MT4講座 #6】バックテストの「ブレ幅」とは？ たまたま良かっただけかを見分ける方法

✅ バックテストの結果は、1回分の「たまたまの並び順」で決まっています
✅ 取引の並び順を何千回も入れ替えて計算し直すと、成績がどれくらいの範囲に収まりそうかが分かります(ブートストラップ法)
✅ PFのブレ幅の下限が1を超えていれば、「たまたま黒字になった」可能性はかなり低くなります

➡ スワイプで要点
全文はプロフィールのリンク(note)から無料で読めます📎

#FX自動売買 #自動売買 #EA #MT4 #MT5 #バックテスト #システムトレード #FX #FX初心者 #資産運用 #EA検証ラボ",images/mt4/header_mt4_guide_06_4x5.jpg,pending,
article_mt4_09_jp|x,2026-10-30T13:00,x,https://note.com/eaanalysis/n/naa731b9414ea,"【MT4編 #9】無料のMT4用EAを10本、同じ条件でバックテスト。

黒字はたった2本、残り8本は赤字。
うち4本は、1万ドルがほぼゼロに。

全10本の名前と数字はnoteで👇
{note_url}
#FX自動売買 #EA #MT4",,pending,
article_mt4_09_jp|threads,2026-10-30T13:00,threads,https://note.com/eaanalysis/n/naa731b9414ea,"【EA検証 MT4編 #9】
無料で配布されているMT4用EAを10本、同じ条件(初期資金1万ドル・約5年9か月)でバックテストしました。

✅ 黒字はたった2本
📉 残り8本は赤字(うち4本は資金がほぼゼロに)
💡 結果のブレ幅も1万回の並べ替えで計算

全10本のEA名・入手先・詳しい数字はnoteで公開しています👇
{note_url}

#FX自動売買 #EA #MT4 #バックテスト",,pending,
article_mt4_09_jp|instagram,2026-10-30T13:00,instagram,https://note.com/eaanalysis/n/naa731b9414ea,"【EA検証 MT4編 #9】
無料のMT4用EAを10本、同じ条件でガチ検証しました。

✅ 黒字はたった2本
📉 残り8本は赤字(うち4本は資金がほぼゼロに)

➡ スワイプで「先に結論」
全部のEA名と数字は、プロフィールのリンク(note)から読めます📎

※過去データによる検証結果です。将来の成績を保証するものではありません。

#FX自動売買 #自動売買 #EA #MT4 #MT5 #バックテスト #システムトレード #FX #FX初心者 #資産運用 #EA検証ラボ",images/mt4/header_mt4_09_4x5.jpg,pending,
guide_mt4_07_jp|threads,2026-11-02T08:00,threads,https://note.com/eaanalysis/n/ne6c3650b005c,"【MT4講座 #7】無料EAの探し方と、ダウンロード前に確認したい5つのこと

✅ 無料のEAは、MT4の公式サイト(MQL5.com)の「コードベース」などで、たくさん公開されています
✅ 無料でも、そのまま本番の口座で動かすのは控え、まずバックテストとデモ口座で確かめましょう
✅ 「作者の指定(通貨ペア・時間足)」「ソースコードの有無」「利用条件」は、ダウンロードの前に確認しておきたい点です

詳しくはnoteで(無料)👇
{note_url}

#FX自動売買 #EA #MT4 #バックテスト",,pending,
guide_mt4_07_jp|instagram,2026-11-02T08:00,instagram,https://note.com/eaanalysis/n/ne6c3650b005c,"【MT4講座 #7】無料EAの探し方と、ダウンロード前に確認したい5つのこと

✅ 無料のEAは、MT4の公式サイト(MQL5.com)の「コードベース」などで、たくさん公開されています
✅ 無料でも、そのまま本番の口座で動かすのは控え、まずバックテストとデモ口座で確かめましょう
✅ 「作者の指定(通貨ペア・時間足)」「ソースコードの有無」「利用条件」は、ダウンロードの前に確認しておきたい点です

➡ スワイプで要点
全文はプロフィールのリンク(note)から無料で読めます📎

#FX自動売買 #自動売買 #EA #MT4 #MT5 #バックテスト #システムトレード #FX #FX初心者 #資産運用 #EA検証ラボ",images/mt4/header_mt4_guide_07_4x5.jpg,pending,
article_mt4_10_jp|x,2026-11-02T13:00,x,https://note.com/eaanalysis/n/n8b72fbc3ef04,"【MT4編 #10】無料で配られているMT4のEA、10本を本気で検証。

黒字はたった2本、残り8本は赤字。
うち5本は、1万ドルがほぼゼロに。

全10本の名前と数字はnoteで👇
{note_url}
#FX自動売買 #EA #MT4",,pending,
article_mt4_10_jp|threads,2026-11-02T13:00,threads,https://note.com/eaanalysis/n/n8b72fbc3ef04,"【EA検証 MT4編 #10】
無料で配布されているMT4用EAを10本、同じ条件(初期資金1万ドル・約5年9か月)でバックテストしました。

✅ 黒字はたった2本
📉 残り8本は赤字(うち5本は資金がほぼゼロに)
💡 結果のブレ幅も1万回の並べ替えで計算

全10本のEA名・入手先・詳しい数字はnoteで公開しています👇
{note_url}

#FX自動売買 #EA #MT4 #バックテスト",,pending,
article_mt4_10_jp|instagram,2026-11-02T13:00,instagram,https://note.com/eaanalysis/n/n8b72fbc3ef04,"【EA検証 MT4編 #10】
無料のMT4用EAを10本、同じ条件でガチ検証しました。

✅ 黒字はたった2本
📉 残り8本は赤字(うち5本は資金がほぼゼロに)

➡ スワイプで「先に結論」
全部のEA名と数字は、プロフィールのリンク(note)から読めます📎

※過去データによる検証結果です。将来の成績を保証するものではありません。

#FX自動売買 #自動売買 #EA #MT4 #MT5 #バックテスト #システムトレード #FX #FX初心者 #資産運用 #EA検証ラボ",images/mt4/header_mt4_10_4x5.jpg,pending,
guide_mt4_08_jp|threads,2026-11-04T08:00,threads,https://note.com/eaanalysis/n/n302e5f8b414b,"【MT4講座 #8】ナンピン・マーチンゲール型のEAは、なぜ一気に資金を失うのか

✅ ナンピン型は「逆に動いたら買い増す」、マーチンゲール型は「負けたら次のロットを増やす」仕組みです
✅ 普段は小さく勝ち続けるため、成績が良く見えやすいです
✅ ただし、一方向に大きく動く相場が来ると、ポジションが膨らみ、短い期間で資金の大半を失うことがあります

詳しくはnoteで(無料)👇
{note_url}

#FX自動売買 #EA #MT4 #バックテスト",,pending,
guide_mt4_08_jp|instagram,2026-11-04T08:00,instagram,https://note.com/eaanalysis/n/n302e5f8b414b,"【MT4講座 #8】ナンピン・マーチンゲール型のEAは、なぜ一気に資金を失うのか

✅ ナンピン型は「逆に動いたら買い増す」、マーチンゲール型は「負けたら次のロットを増やす」仕組みです
✅ 普段は小さく勝ち続けるため、成績が良く見えやすいです
✅ ただし、一方向に大きく動く相場が来ると、ポジションが膨らみ、短い期間で資金の大半を失うことがあります

➡ スワイプで要点
全文はプロフィールのリンク(note)から無料で読めます📎

#FX自動売買 #自動売買 #EA #MT4 #MT5 #バックテスト #システムトレード #FX #FX初心者 #資産運用 #EA検証ラボ",images/mt4/header_mt4_guide_08_4x5.jpg,pending,
article_mt4_11_jp|x,2026-11-04T13:00,x,https://note.com/eaanalysis/n/n2431fa3460b2,"【MT4編 #11】「無料EAって勝てるの？」10本で確かめました。

黒字はたった2本、残り8本は赤字。
うち3本は、1万ドルがほぼゼロに。

全10本の名前と数字はnoteで👇
{note_url}
#FX自動売買 #EA #MT4",,pending,
article_mt4_11_jp|threads,2026-11-04T13:00,threads,https://note.com/eaanalysis/n/n2431fa3460b2,"【EA検証 MT4編 #11】
無料で配布されているMT4用EAを10本、同じ条件(初期資金1万ドル・約5年9か月)でバックテストしました。

✅ 黒字はたった2本
📉 残り8本は赤字(うち3本は資金がほぼゼロに)
💡 結果のブレ幅も1万回の並べ替えで計算

全10本のEA名・入手先・詳しい数字はnoteで公開しています👇
{note_url}

#FX自動売買 #EA #MT4 #バックテスト",,pending,
article_mt4_11_jp|instagram,2026-11-04T13:00,instagram,https://note.com/eaanalysis/n/n2431fa3460b2,"【EA検証 MT4編 #11】
無料のMT4用EAを10本、同じ条件でガチ検証しました。

✅ 黒字はたった2本
📉 残り8本は赤字(うち3本は資金がほぼゼロに)

➡ スワイプで「先に結論」
全部のEA名と数字は、プロフィールのリンク(note)から読めます📎

※過去データによる検証結果です。将来の成績を保証するものではありません。

#FX自動売買 #自動売買 #EA #MT4 #MT5 #バックテスト #システムトレード #FX #FX初心者 #資産運用 #EA検証ラボ",images/mt4/header_mt4_11_4x5.jpg,pending,
guide_mt4_09_jp|threads,2026-11-06T08:00,threads,https://note.com/eaanalysis/n/n7fcd33cdc01d,"【MT4講座 #9】勝率8割でも負けるEAの仕組み 「損小利大」の逆になっていないか

✅ 勝率が高くても、1回の負けが勝ちの何倍も大きければ、トータルでは赤字になります
✅ 大事なのは「勝率」と「平均利益÷平均損失」の組み合わせです
✅ 検証した261本のうち、勝率7割以上の49本中38本は赤字でした

詳しくはnoteで(無料)👇
{note_url}

#FX自動売買 #EA #MT4 #バックテスト",,pending,
guide_mt4_09_jp|instagram,2026-11-06T08:00,instagram,https://note.com/eaanalysis/n/n7fcd33cdc01d,"【MT4講座 #9】勝率8割でも負けるEAの仕組み 「損小利大」の逆になっていないか

✅ 勝率が高くても、1回の負けが勝ちの何倍も大きければ、トータルでは赤字になります
✅ 大事なのは「勝率」と「平均利益÷平均損失」の組み合わせです
✅ 検証した261本のうち、勝率7割以上の49本中38本は赤字でした

➡ スワイプで要点
全文はプロフィールのリンク(note)から無料で読めます📎

#FX自動売買 #自動売買 #EA #MT4 #MT5 #バックテスト #システムトレード #FX #FX初心者 #資産運用 #EA検証ラボ",images/mt4/header_mt4_guide_09_4x5.jpg,pending,
article_mt4_12_jp|x,2026-11-06T13:00,x,https://note.com/eaanalysis/n/n31de5791edcf,"【MT4編 #12】無料のMT4用EAを10本、同じ条件でバックテスト。

黒字はたった2本、残り8本は赤字。
うち3本は、1万ドルがほぼゼロに。

全10本の名前と数字はnoteで👇
{note_url}
#FX自動売買 #EA #MT4",,pending,
article_mt4_12_jp|threads,2026-11-06T13:00,threads,https://note.com/eaanalysis/n/n31de5791edcf,"【EA検証 MT4編 #12】
無料で配布されているMT4用EAを10本、同じ条件(初期資金1万ドル・約5年9か月)でバックテストしました。

✅ 黒字はたった2本
📉 残り8本は赤字(うち3本は資金がほぼゼロに)
💡 結果のブレ幅も1万回の並べ替えで計算

全10本のEA名・入手先・詳しい数字はnoteで公開しています👇
{note_url}

#FX自動売買 #EA #MT4 #バックテスト",,pending,
article_mt4_12_jp|instagram,2026-11-06T13:00,instagram,https://note.com/eaanalysis/n/n31de5791edcf,"【EA検証 MT4編 #12】
無料のMT4用EAを10本、同じ条件でガチ検証しました。

✅ 黒字はたった2本
📉 残り8本は赤字(うち3本は資金がほぼゼロに)

➡ スワイプで「先に結論」
全部のEA名と数字は、プロフィールのリンク(note)から読めます📎

※過去データによる検証結果です。将来の成績を保証するものではありません。

#FX自動売買 #自動売買 #EA #MT4 #MT5 #バックテスト #システムトレード #FX #FX初心者 #資産運用 #EA検証ラボ",images/mt4/header_mt4_12_4x5.jpg,pending,
guide_mt4_10_jp|threads,2026-11-09T08:00,threads,https://note.com/eaanalysis/n/n375fb99b6e9b,"【MT4講座 #10】スプレッドと手数料がEAの成績を変える 1取引あたり数ドルの差の重み

✅ EAは取引回数が多いほど、スプレッドや手数料などのコストの影響を受けます
✅ バックテストで黒字でも、コストを少し上乗せしただけで赤字になるEAは少なくありません
✅ 検証した261本のうち黒字は34本、そのうち12本は「1取引あたり2ドルのコスト上乗せ」で赤字になりました

詳しくはnoteで(無料)👇
{note_url}

#FX自動売買 #EA #MT4 #バックテスト",,pending,
guide_mt4_10_jp|instagram,2026-11-09T08:00,instagram,https://note.com/eaanalysis/n/n375fb99b6e9b,"【MT4講座 #10】スプレッドと手数料がEAの成績を変える 1取引あたり数ドルの差の重み

✅ EAは取引回数が多いほど、スプレッドや手数料などのコストの影響を受けます
✅ バックテストで黒字でも、コストを少し上乗せしただけで赤字になるEAは少なくありません
✅ 検証した261本のうち黒字は34本、そのうち12本は「1取引あたり2ドルのコスト上乗せ」で赤字になりました

➡ スワイプで要点
全文はプロフィールのリンク(note)から無料で読めます📎

#FX自動売買 #自動売買 #EA #MT4 #MT5 #バックテスト #システムトレード #FX #FX初心者 #資産運用 #EA検証ラボ",images/mt4/header_mt4_guide_10_4x5.jpg,pending,
article_mt4_13_jp|x,2026-11-09T13:00,x,https://note.com/eaanalysis/n/n8b9660487a10,"【MT4編 #13】無料で配られているMT4のEA、10本を本気で検証。

黒字はたった2本、残り8本は赤字。
うち3本は、1万ドルがほぼゼロに。

全10本の名前と数字はnoteで👇
{note_url}
#FX自動売買 #EA #MT4",,pending,
article_mt4_13_jp|threads,2026-11-09T13:00,threads,https://note.com/eaanalysis/n/n8b9660487a10,"【EA検証 MT4編 #13】
無料で配布されているMT4用EAを10本、同じ条件(初期資金1万ドル・約5年9か月)でバックテストしました。

✅ 黒字はたった2本
📉 残り8本は赤字(うち3本は資金がほぼゼロに)
💡 結果のブレ幅も1万回の並べ替えで計算

全10本のEA名・入手先・詳しい数字はnoteで公開しています👇
{note_url}

#FX自動売買 #EA #MT4 #バックテスト",,pending,
article_mt4_13_jp|instagram,2026-11-09T13:00,instagram,https://note.com/eaanalysis/n/n8b9660487a10,"【EA検証 MT4編 #13】
無料のMT4用EAを10本、同じ条件でガチ検証しました。

✅ 黒字はたった2本
📉 残り8本は赤字(うち3本は資金がほぼゼロに)

➡ スワイプで「先に結論」
全部のEA名と数字は、プロフィールのリンク(note)から読めます📎

※過去データによる検証結果です。将来の成績を保証するものではありません。

#FX自動売買 #自動売買 #EA #MT4 #MT5 #バックテスト #システムトレード #FX #FX初心者 #資産運用 #EA検証ラボ",images/mt4/header_mt4_13_4x5.jpg,pending,
guide_mt4_11_jp|threads,2026-11-11T08:00,threads,https://note.com/eaanalysis/n/ne37707163311,"【MT4講座 #11】過剰最適化(カーブフィッティング)の見抜き方 過去にだけ合ったEAを見分ける

✅ 過剰最適化とは、パラメータを過去の相場にぴったり合わせすぎて、他の時期には通用しなくなることです
✅ バックテストの成績が良すぎるEAほど、疑ってみる価値があります
✅ 見抜く基本は「別の期間でテスト」「パラメータを少し変えてテスト」「たくさん比べたときの偶然を考える」の3つです

詳しくはnoteで(無料)👇
{note_url}

#FX自動売買 #EA #MT4 #バックテスト",,pending,
guide_mt4_11_jp|instagram,2026-11-11T08:00,instagram,https://note.com/eaanalysis/n/ne37707163311,"【MT4講座 #11】過剰最適化(カーブフィッティング)の見抜き方 過去にだけ合ったEAを見分ける

✅ 過剰最適化とは、パラメータを過去の相場にぴったり合わせすぎて、他の時期には通用しなくなることです
✅ バックテストの成績が良すぎるEAほど、疑ってみる価値があります
✅ 見抜く基本は「別の期間でテスト」「パラメータを少し変えてテスト」「たくさん比べたときの偶然を考える」の3つです

➡ スワイプで要点
全文はプロフィールのリンク(note)から無料で読めます📎

#FX自動売買 #自動売買 #EA #MT4 #MT5 #バックテスト #システムトレード #FX #FX初心者 #資産運用 #EA検証ラボ",images/mt4/header_mt4_guide_11_4x5.jpg,pending,
guide_mt4_12_jp|threads,2026-11-13T08:00,threads,https://note.com/eaanalysis/n/ne65838dd5e72,"【MT4講座 #12】デモ口座でEAを試すときのチェックポイント バックテストとの答え合わせ

✅ バックテストで良さそうなEAも、本番の前にデモ口座でしばらく動かして確かめるのが基本です
✅ 見るのは「バックテストと同じような売買をしているか」です。損益の大きさより、売買の仕方がそろっているかが大事です
✅ 期間の目安は、少なくとも数十回の取引が出るまでです

詳しくはnoteで(無料)👇
{note_url}

#FX自動売買 #EA #MT4 #バックテスト",,pending,
guide_mt4_12_jp|instagram,2026-11-13T08:00,instagram,https://note.com/eaanalysis/n/ne65838dd5e72,"【MT4講座 #12】デモ口座でEAを試すときのチェックポイント バックテストとの答え合わせ

✅ バックテストで良さそうなEAも、本番の前にデモ口座でしばらく動かして確かめるのが基本です
✅ 見るのは「バックテストと同じような売買をしているか」です。損益の大きさより、売買の仕方がそろっているかが大事です
✅ 期間の目安は、少なくとも数十回の取引が出るまでです

➡ スワイプで要点
全文はプロフィールのリンク(note)から無料で読めます📎

#FX自動売買 #自動売買 #EA #MT4 #MT5 #バックテスト #システムトレード #FX #FX初心者 #資産運用 #EA検証ラボ",images/mt4/header_mt4_guide_12_4x5.jpg,pending,
guide_mt4_13_jp|threads,2026-11-16T08:00,threads,https://note.com/eaanalysis/n/n33bdf163ca55,"【MT4講座 #13】EAの資金管理 ロットの決め方と「最大DDの2倍」の考え方

✅ EAの成績より先に決めておきたいのが「1回の取引でどれだけのリスクを取るか」です
✅ バックテストの最大ドローダウンは「これまでの最悪」であって、「これからの最悪」ではありません
✅ 目安として、バックテストの最大DDの2倍くらいの下げが来ても、運用を続けられるロットにしておくと、想定外の下げにも耐えやすくなります

詳しくはnoteで(無料)👇
{note_url}

#FX自動売買 #EA #MT4 #バックテスト",,pending,
guide_mt4_13_jp|instagram,2026-11-16T08:00,instagram,https://note.com/eaanalysis/n/n33bdf163ca55,"【MT4講座 #13】EAの資金管理 ロットの決め方と「最大DDの2倍」の考え方

✅ EAの成績より先に決めておきたいのが「1回の取引でどれだけのリスクを取るか」です
✅ バックテストの最大ドローダウンは「これまでの最悪」であって、「これからの最悪」ではありません
✅ 目安として、バックテストの最大DDの2倍くらいの下げが来ても、運用を続けられるロットにしておくと、想定外の下げにも耐えやすくなります

➡ スワイプで要点
全文はプロフィールのリンク(note)から無料で読めます📎

#FX自動売買 #自動売買 #EA #MT4 #MT5 #バックテスト #システムトレード #FX #FX初心者 #資産運用 #EA検証ラボ",images/mt4/header_mt4_guide_13_4x5.jpg,pending,
guide_mt4_14_jp|threads,2026-11-18T08:00,threads,https://note.com/eaanalysis/n/nf29674a76866,"【MT4講座 #14】EAを24時間動かすVPSの基礎 自宅のパソコンとの違い

✅ EAは、MT4が起動していてネットにつながっている間しか動きません
✅ VPSは、インターネット上に借りるパソコンのようなもので、24時間MT4を動かし続けられます
✅ 選ぶときは「業者のサーバーとの距離(通信の速さ)」「メモリ」「料金」を見ます

詳しくはnoteで(無料)👇
{note_url}

#FX自動売買 #EA #MT4 #バックテスト",,pending,
guide_mt4_14_jp|instagram,2026-11-18T08:00,instagram,https://note.com/eaanalysis/n/nf29674a76866,"【MT4講座 #14】EAを24時間動かすVPSの基礎 自宅のパソコンとの違い

✅ EAは、MT4が起動していてネットにつながっている間しか動きません
✅ VPSは、インターネット上に借りるパソコンのようなもので、24時間MT4を動かし続けられます
✅ 選ぶときは「業者のサーバーとの距離(通信の速さ)」「メモリ」「料金」を見ます

➡ スワイプで要点
全文はプロフィールのリンク(note)から無料で読めます📎

#FX自動売買 #自動売買 #EA #MT4 #MT5 #バックテスト #システムトレード #FX #FX初心者 #資産運用 #EA検証ラボ",images/mt4/header_mt4_guide_14_4x5.jpg,pending,
guide_mt4_15_jp|threads,2026-11-20T08:00,threads,https://note.com/eaanalysis/n/n43b196d91e33,"【MT4講座 #15】レバレッジ25倍と500倍で、EAのバックテストは何が変わるか

✅ レバレッジは「同じ資金で、どれだけ大きなポジションを持てるか」を決めます
✅ EAの売買の判断そのものは変わりませんが、ロットが大きいEAや、ポジションを重ねるEAでは、結果が大きく変わります
✅ 国内の口座(最大25倍)で使う予定なら、バックテストもその条件で確かめておくと、思わぬ食い違いを防げます

詳しくはnoteで(無料)👇
{note_url}

#FX自動売買 #EA #MT4 #バックテスト",,pending,
guide_mt4_15_jp|instagram,2026-11-20T08:00,instagram,https://note.com/eaanalysis/n/n43b196d91e33,"【MT4講座 #15】レバレッジ25倍と500倍で、EAのバックテストは何が変わるか

✅ レバレッジは「同じ資金で、どれだけ大きなポジションを持てるか」を決めます
✅ EAの売買の判断そのものは変わりませんが、ロットが大きいEAや、ポジションを重ねるEAでは、結果が大きく変わります
✅ 国内の口座(最大25倍)で使う予定なら、バックテストもその条件で確かめておくと、思わぬ食い違いを防げます

➡ スワイプで要点
全文はプロフィールのリンク(note)から無料で読めます📎

#FX自動売買 #自動売買 #EA #MT4 #MT5 #バックテスト #システムトレード #FX #FX初心者 #資産運用 #EA検証ラボ",images/mt4/header_mt4_guide_15_4x5.jpg,pending,
guide_mt4_16_jp|threads,2026-11-23T08:00,threads,https://note.com/eaanalysis/n/n125ff461e1ca,"【MT4講座 #16】無料EAを261本検証してわかった「負けるEA」の5つの共通点

✅ MT4の無料EA 261本を同じ条件でバックテストし、黒字で終わったのは34本(約13%)でした
✅ 資金のほとんど(9割以上)を失ったEAは96本ありました
✅ 負けたEAには、いくつかの共通点がありました。EAを選ぶときのチェックリストとして使えます

詳しくはnoteで(無料)👇
{note_url}

#FX自動売買 #EA #MT4 #バックテスト",,pending,
guide_mt4_16_jp|instagram,2026-11-23T08:00,instagram,https://note.com/eaanalysis/n/n125ff461e1ca,"【MT4講座 #16】無料EAを261本検証してわかった「負けるEA」の5つの共通点

✅ MT4の無料EA 261本を同じ条件でバックテストし、黒字で終わったのは34本(約13%)でした
✅ 資金のほとんど(9割以上)を失ったEAは96本ありました
✅ 負けたEAには、いくつかの共通点がありました。EAを選ぶときのチェックリストとして使えます

➡ スワイプで要点
全文はプロフィールのリンク(note)から無料で読めます📎

#FX自動売買 #自動売買 #EA #MT4 #MT5 #バックテスト #システムトレード #FX #FX初心者 #資産運用 #EA検証ラボ",images/mt4/header_mt4_guide_16_4x5.jpg,pending,
